Date,StoreID,ProductID,QuantitySold,Revenue
2024-12-21,61,LL-0356,,321.79
2024-07-19,36,xn-4312,15,393.59
2024-11-07,94,aj-6053,2,82.29
2024-12-18,,tM-8097,49,350.2
2024-09-01_err,43,nT-9075,21,393.79
2024-04-02,97,vA-5685,2,126.24
2024-08-06,84,dM-7139,39,435.75
2025-01-14,,qK-7690,45,365.15
2025-01-12,4,Qf-9739,21,237.17
,63,SX-1838,39,315.01
2024-11-11,63,ME-6279,,45.27
2024-06-12,39,fG-4033,8,94.15
2024-11-27,46,Jh-0116,,235.88
2024-10-06,47,TV-1468,45,422.51
2025-03-21,,AM-9068,44,81.84
2024-06-09,39,LE-8575,8,
2024-11-17,68,AX-4055,37,346.79
2024-09-19,30,FK-4829,44,87.74
2025-02-08,51,IB-8308,28,281.03
2024-12-22,99,KY-3201,1,171.66
2024-08-24,,Hx-1023,6,337.68
2024-07-29_err,20,Pd-0165,27,24.41
2024-06-21,49,kU-5924,4,90.7
2024-04-11,5,xh-9546,35,
2024-06-10,,HK-1919,23,
2025-03-12,95,WY-7492,10,
2024-11-24,14,em-6974,3_err,167.14
2024-05-07,25,Nn-5196,48,248.26_err
2024-12-21,27,db-6429,47,376.95
2025-03-19,16,pK-7440,14,65.79
,90,UM-6482,18,
2024-10-10,51,OA-8667,30,327.35
2024-08-11,98,cQ-1454,32,225.98
2024-06-28,,FV-7063,31,303.86
2024-04-24,6,NN-7678,30,187.08
2024-06-25,26,aQ-0822,10,202.03_err
2024-06-22,90,bd-9327,46,92.78
2025-01-14,62,gP-0519,48,333.18
2024-04-12,,pK-3108,31,104.94
2024-04-04,64,pl-8514,32,394.45_err
2024-04-11,69_err,uV-2164,23,144.61
2024-11-15,66,Ra-5996,22,435.74
2025-03-16,51,xk-0053,23,372.89
2024-04-13,,,17,395.39
2024-07-10,96,NA-4082,24,175.27_err
2024-05-11,60,Ed-2982,49,243.44
2025-01-01,88,Kh-5182_err,43,405.19
2025-01-20,76,KN-0210,14,304.21
2025-03-21,37,Ao-4895,9,91.89
,20,Cl-2517,41,208.62
2025-03-08,44_err,,27,439.23
2024-07-29,86,vS-0645,27,392.49
2024-08-28,26,,,
2024-10-19,23,Nq-3781,26,317.56
2024-12-18,100,PI-0974,6,48.89
,38,mf-4133,41,65.44
2024-09-25,17,bN-6435,24,212.0
2024-09-10,76,LW-9566,30,148.22
2024-07-10,56,mr-0395,2,14.78
2024-12-12,54,ia-5534_err,37,451.17
,54,Ma-0187,16,355.21
2024-05-15,8_err,JE-6253,44,20.78
2024-05-23,79_err,xd-8723,10,397.06
2024-10-15,31,Jq-9505,40,180.63
,91,vy-1730,1,388.92
2024-12-13,82,ae-3741,6,299.21
2024-09-21,98_err,QL-6347,50,182.1
2024-06-27,11,ND-6408,5,485.16
2025-02-08,33,VF-8976,41,241.87
2025-03-21,3,Om-1109,46,398.95
2024-11-18,28,Ad-2762,12,447.71
2024-08-23,20,oS-5124,34,337.08
2024-04-28,47,rY-9681,20,228.05
2025-02-19,69,vB-0781,21,455.08
2024-08-29,18,iD-8197,36,
2024-12-08,17,JU-2729,14,382.97
2024-08-24,26,yj-1271,23,324.99
2025-03-12,12,RE-3936,41,205.58
2024-08-01,16,VW-0374,15,428.04
2025-03-01,82,XD-0808,17,365.5
2025-03-13,5,xY-4887,3,314.67
2024-12-03,5,wZ-1364,25,380.87
2025-01-19,44,cf-9770,35,308.17
2024-12-01,,AD-6590,7,362.11
2025-02-05,49,Qz-2565,7,33.4
2025-03-15,66,wi-3763,,12.01
2024-12-02,,YB-7463,29,66.37
2024-09-04,5,jb-0785,46,25.0
2024-06-24,17,ER-3728,8,160.03
2024-09-11,80_err,jI-6732,35,33.02
2024-10-22,62,jv-5112,45,193.29
2024-10-04,14,LO-1533,50,14.42
2024-12-26,6,cI-5220,5,111.25
2024-11-03,8,,,19.76
2024-11-13_err,31,pE-8020,7,89.67
2025-01-11,77,bq-6902,40,261.6
2024-12-17,15,Vc-9594,28,280.38
2025-01-27,25,kV-5296,1,198.29
2024-08-16,15,KA-3043,30,220.15
2024-05-09,5,GI-1063,13,72.57
2024-07-31,91,wT-5111,36,
2024-07-23,69,Vj-3510,38,15.93
2024-05-11,81,rK-8766,33,147.13
2024-04-16,,jV-4058,18,
2025-01-02,69,Cl-2355,34,129.01
2025-03-05,88,bP-4325,12,180.72
2024-12-18,81,lG-8952,19,88.62
2024-05-23,87,Bh-6490,20,341.83
2024-10-27,82,ot-5457,,114.38
2024-08-22,44,Xv-4048,32,328.3
2024-05-19,61,wz-6187,21,113.42
2024-08-13_err,67,lY-8803,40,16.16
2024-08-04,86,KX-3991,42,358.75
2024-08-31,20_err,Rg-1005,17_err,367.72
2025-01-25,78,kM-2592,47,30.56
2024-10-15,20,Fc-4746,1,464.26
2025-02-15,,rW-7608,50,254.69
2024-11-09,24,Dn-6745,12,406.59
2024-06-15,36,IW-1457,,373.32
2024-05-15,9,EA-2391,50,73.71
2024-10-19,44,NB-8082,19,432.59
2024-04-05,80,pT-8777,,371.53
,35,US-4983,26,95.61
2024-12-26,69,nR-4751,24,204.84
2024-11-04,68,Ms-5485,1,492.82
2024-11-13,47,ep-3210,5,419.8
2024-08-04,95,zE-8643,27,108.52
2024-09-11_err,76_err,ZV-5803,7_err,247.8_err
2024-07-28_err,70,nn-7960,20,308.97
2025-01-06,69,AY-6750,9,119.1
2024-11-06,73,lm-2466,24,8.79
,98,Cl-7987,,207.84
2024-06-22,26,Qg-3230,48,15.52
,77,Fx-6108,2,225.98
2024-11-20,67,zm-2147,,384.63
2024-04-08,1,mY-8679,38,339.51
2025-02-07,82,sy-4178,13,273.91
2024-12-15,67,fu-4523,30,188.41
2025-02-24,16,TE-9208,35,181.43
2024-06-29,24,zt-8761,13,180.86
2024-10-13,43,es-2830,44,369.33
2025-02-28,62,qV-8424,6,480.35
2024-09-07,,,13,111.0
2024-06-15,30,,47,143.53
2024-06-11,,Lo-2809,21,165.46
2024-11-02_err,37,Jf-1064,17,409.62
2025-02-17,37,Xg-0166,20,125.27
2024-12-04,32,,37,374.66
2024-11-10,16,Jr-6700,16,141.9
2024-06-19,55,Xr-8827,24,346.36
2024-10-01,10,Hd-4285,8,240.29
2025-03-04,97,UG-3951,45,293.17
2024-10-07,53,Mg-2746,23,238.81
2025-02-05,57,Fc-4454,,340.35
2024-04-08,84,tZ-3586,28,281.74
2025-01-31,31_err,Tc-5966,39,226.2
2024-10-11,86,Zg-3586,29,292.75
2024-09-15,3,,21,476.6
2024-06-14,38,Fo-6468,15,446.1
2025-01-17,71,Fc-0152,44,398.77
2025-01-09,34,zx-6532,49_err,328.5
,100,Sz-6269,,267.72
2024-08-12,74,yC-8327,17,47.35
2024-05-05,15,jB-6348,8,9.14
2024-11-29,51,sh-1103,21,23.11
2024-04-20,18,tQ-3833,17,111.86
2024-06-20,57,GG-7043,13,236.86
2025-01-07,72,JD-3885,2_err,207.64
2024-11-11,42,Ub-8831,31,347.69
2025-03-05_err,82,rG-5730,,52.31
2024-04-05,25,rW-4796,27,436.38
,93_err,YW-7787,1,114.41_err
2025-01-27,30,Sj-6900,16,397.48
2024-04-30,98,uh-2328,48,40.36
2024-08-12,62,vY-6656,50,219.39
2024-04-15,2,,19,427.4
2024-06-26,83,Cu-5738,38,332.7
,96,tn-1859,45,325.63
2025-01-03,3,zp-5907,21,
2024-08-30,46,yb-1297,39,285.6
,77,GN-3393,5_err,269.62
2025-03-12,78,,24,353.88
2025-02-01,25,WH-4161,19,495.28
2024-06-30,38,QE-6489,32,469.02
2024-09-09,61,Ys-8259,43,415.41
2024-05-27,71,GK-0234,12,
2024-06-10,72,KK-8039,47,376.28
2024-04-24,,,43,69.84
2025-03-21,21,eo-1796,1,441.88
2025-02-27,69,tB-0047,1,367.88
2025-03-01,41,eR-1252_err,,325.62
2024-06-01,65,CV-5332,46,448.89
2024-06-24,68,Yw-9780,19,34.38
2025-03-05,62,PB-2753,41,270.92
2024-11-30,5,UA-3594,47,243.93
2024-07-31,58,cx-9403,34,74.49_err
2024-09-19,7,Bs-2166,22,82.31
,88,gG-4826,44,378.26
2025-01-15,75,Lu-0964,41,76.28
2024-04-23,2,In-2835,2,103.1
2024-11-09,13,rs-0095,9,66.86
,95,,19,176.82
2024-06-18,,HY-7170,10,388.29
2024-10-09,87,DI-9128,35,221.45
2024-07-26,,mD-8772,10,328.99
2024-05-10,48,ha-3053,49_err,9.03
2024-09-24,41,Au-3487,11,498.89
2024-04-12,91,BU-3164,45,296.07
2024-12-30,23,mC-9488,6,438.43
2024-12-28,43,JE-6907,,175.8
2024-09-11,75,vF-0486,45,394.85
2024-05-23,17,tT-8269,37,21.66
2024-07-26,72,gv-3269,41,298.61
2024-07-26,47,xG-1220,24,349.38
2024-05-24,73,fX-0204,36,19.43_err
2024-06-24,22,PJ-5569,37,156.36
2024-05-21,36,op-7610,14,
2024-07-05,74,Yp-2512,31,322.81
2024-06-01,,pA-2481,49,
,73,VJ-6128,14,436.53
2024-04-13,46,La-1021_err,5,451.02_err
2025-03-26,37,GX-4924,34,485.42
,53,wH-0675,24,174.72
2024-06-29,24,BL-3718,45,373.38
2025-02-03,45,Vb-2180,,490.15
2024-11-23,96,Jj-0677,8,438.72
2024-11-04,76,ij-3802_err,21,74.5
2024-10-25,76,Il-2069,26,358.54
2024-05-30,9,rQ-0468,21,9.44
2024-05-08,23,pP-4505,,
2024-08-30,46,ps-8532,10,309.44
2025-01-04,65,kW-9117,3,148.43
2024-04-12,15,ab-7619,23,272.67
2024-11-29,67,Ii-1823,27,205.76
2024-09-11,70,LT-6136,22,46.02
2024-06-12,54,Pe-0230,47,191.22
,65,UF-4216_err,31,312.76
2024-07-04,,Sz-6802_err,25,11.33
2024-10-20,75,ps-4716,26,109.33
2024-10-04,44,wS-1751,,185.21
2025-01-16,26,jg-8766,12,351.46
2024-10-21,14,JY-1720,1,355.01
2025-02-26,26,lE-3105,48,250.5
2024-12-05,34,oc-6815,17,143.98
2025-02-24,22,gw-0506,44,
2024-08-10,59,pE-0739,38,220.87
2025-01-27,8,YW-4388,42,213.47
2024-05-30,46,TA-9815,43,66.19
2024-05-01,27,JS-3508,23,471.04_err
2024-10-07,45,QM-3469,14,72.42
2025-01-11,33,wa-9432,10,
2025-01-15,23,CY-3956,15,410.69
2024-07-12,95,AE-4100,16,342.87
2025-03-17_err,29,QV-4520,44,155.79
2024-06-18,99,,19,193.2
2024-05-02,93,Ve-2841,35,357.85
2025-02-14,17,Jl-5565,19_err,217.47
2024-12-02,28,gA-9583,24,155.88
2025-02-04,47,AK-8202,34,118.21
2024-07-09,93,uk-9135,12,406.91
2025-03-13,61,Je-4890,17,99.21
2024-07-03,93,wE-6852,23,228.44
2024-04-23,,Qh-2205,21,246.78
,13,dC-2784,22,372.23
2024-09-18,44,Ue-0445,4,322.82
2024-12-02,79,ho-4864,50,62.65
2024-10-07,41,Fo-4277,22,191.87
2024-06-14,73,yW-1348,35,202.22
2025-02-14,24,FA-1116,10,361.54
2024-05-15,6,Uk-4937,7,136.63
2025-02-15,69,Ab-9710,5,125.03
2024-08-13,74,GU-5678,50,52.41
2024-06-05,16,DV-7755,44_err,363.85
2025-02-09,95,QN-8971,47,29.85
2024-08-20,71,al-5847,6,226.91
2024-10-26,33,pI-1240,1,232.05
2024-11-26,24,Pk-7207,5,135.54
2024-11-19,58,Pu-0313,29,63.02
,84,yS-5354,50,50.66
2024-08-05,95,St-2201,46,333.33
2024-07-13,53,yQ-2997,40,259.37
2024-12-17,76,wm-7533,6,283.46
,41,IB-6758,20,246.71
2024-11-10,77,FE-6212,8,253.08
2024-12-19,24,AX-0277,4,
2025-01-07,86,Su-7639_err,2,192.31
2024-04-13,40,aU-2517,6,196.79
2025-01-13,65,pm-7839,37,397.36
2024-12-03,88,,32,82.32
2024-07-13,1,oC-1565,11,166.01
2025-02-18,29,Lx-1011,11,417.06
2024-11-11,60,wl-1963,16,274.5
2024-12-30,73,Af-5878,9,294.06
2024-07-07,46,,24,192.89
2024-06-12,89,,25,483.17
,58,YO-2099,49,266.79
2024-11-20,85,gC-6175,19,123.2
2024-05-06,98,ZQ-7809,11,160.16
2024-11-02,15,jE-5031,36,98.45
2024-10-07,96,Nm-4470,30,298.18
2024-12-29,3,Hx-7092,42,243.88
2024-04-05,67,RR-5312,47,361.53
2024-12-26,75,Au-8862,10,172.1
2024-10-07,42,HM-9566,31,209.4
,94,AO-6676,14,102.62
2025-02-22,31,vI-5264,8,178.34
2024-11-03,,xz-0190,44,28.01
2024-10-06,,,,340.56
,35,uA-3094,35,390.03
2025-01-14,21,FM-3492,3,212.36
2024-08-12,95,bg-2838,47,463.21
2024-05-28,81,,39,419.0
2025-03-05,90,Du-8619,45,334.14_err
2024-06-17,48,ww-8837,49,131.6
2024-08-20,11,cR-3108,19,288.84
2024-08-25,84,WK-6240,20,
2025-02-12,31,gq-8560,33,191.21
2024-08-20,64,,48,439.19
2024-10-26,2,vD-2260,24,258.22
2024-10-03,46,,42,138.84
2024-08-06_err,76,,20,235.15
2024-05-25,34,,,
2024-04-15,30,bg-3100,38,277.35
2024-07-07,1,Im-3568,13,42.75
2024-10-16,21,HZ-6571,,101.35
2025-02-06,23,wO-7182,18,267.12
2024-11-14,96,Tw-3359,35,328.99
2024-12-28,34,TR-1159,12,18.8
2024-04-23,69,zv-1094,49,384.46
2024-06-06,26,No-8664,32,47.87
2025-01-16,52,ca-1059,49,214.56
2024-06-12,,Du-2286,11,311.25
2025-02-09,60,df-3470,1,248.8
2025-02-09,60,wk-6500,3,393.98
2025-01-13,55,mW-3938,49,226.18
2024-03-31,73,sh-3051,46_err,68.09
2024-05-31,10,ym-3203,4,224.72
2025-03-21,68,oa-8190,6,48.97
2024-11-19,56,fX-8960,1,407.83
2025-02-04,92,pq-3134,38,269.25
2024-04-01,30,oF-5772,34,375.11
2024-11-13,4,bc-4693,32,181.05
2024-04-10,,Rc-5196,,59.1
2024-10-25,81,pa-5815,38,356.95
2024-04-05,55,dA-7634_err,11,119.59
2024-05-09,18,nt-9031,1,73.46
2025-03-21_err,49,sr-2274,48,23.2
2024-10-06,24,qo-3344,9,393.81
2024-06-14,58,QS-0097,5,470.41
2024-07-03,74,li-7186,17,401.29
2024-09-19,100,Er-0513,,476.62
2024-11-06,36,,42,79.89
2024-04-22,77,hq-4798,27,149.3
2024-07-21,,gs-5400,43,173.43
2024-12-14,2,,13,97.21_err
2024-09-20,98,ud-3896,13,366.84
2024-05-10,96,,,466.45
2024-12-13,48,gr-9065,33,230.3
2024-07-10,91,ul-0183,42,492.78
2024-05-14,72,Jr-4941_err,15,256.82
2024-09-09,57,ZO-9267,40,279.11
2024-11-30,93,kN-6483,31,148.27
2025-01-01,43,bd-6566,45,437.81
2024-07-02,95,JU-1917,9,491.53
2025-03-27,61,Oa-9569,35,189.14
,85,Lf-9897,47,136.56
2024-04-28,43,UW-6326,45,491.45
,75,ia-3822,17,367.61
2024-05-28,75,XE-0497,44,42.56
,71,UE-2135,39,279.46
2024-05-23,57,ZZ-5664,38,497.32
2024-11-09,47,sB-8285,21,
2025-01-18,93,,37,231.56
2024-08-22,32,eC-9336,23,451.17
2025-03-24,,Ju-8061,8,76.04
2024-07-10,61,uN-0514,42,443.35
2025-03-18,83,EE-7499,17,18.57
2024-12-30,18,Wg-2971,20,180.23
2025-03-09,93,Wz-6954,,166.09
2024-12-14,67,Za-4666,13,368.36
2024-06-25,89,DP-3761,43,377.32
2024-08-12,29_err,Ja-2449,14,221.11
2025-01-11,6,Pp-2397,42,399.98
2025-03-25,73,tn-4774,14,491.03
2024-11-12,5,GO-6059,31,153.1
2024-08-31,49,,37,486.01
2025-01-15,,,,366.5
2025-01-09,29,mg-6638,10,395.48
2024-09-10,4,xM-1218,32,439.06
2025-01-31,34,Tw-5096,42,301.96
2024-07-24_err,86,pV-0022,,344.58
2024-11-06,5,jo-3121,30,10.62
2024-05-22,17,qu-9668,44,281.51
2024-12-16,,rF-7026,37,250.54
2024-06-08,18,mS-0487,30,13.81
2024-09-10,83,Iy-1211,7,262.97_err
2024-10-15,5,Jz-2667,40,409.59
2024-09-09,19,Ij-7068,26,446.02
2024-10-08,46,PU-8304,43,307.82
2024-06-04,40,gP-8344,47,491.07
2024-08-08,50,yo-2792,16,120.37
2024-06-15,98,al-2944,27,245.93
2025-03-11,79,Bs-2463,18,
,49,cI-7930,27,48.35
2024-12-16,55,yK-0471,11,165.31
2024-11-13,71,yQ-3698,7,260.75
2024-05-26,57,zj-0130,37,146.2
2024-04-19,85,Kc-5798,8,490.11
,8_err,mP-5463,28,272.73
2024-06-10,53,zk-7778,25,166.94
2025-03-06,33,ZF-9777,48,89.95
2024-07-07,97,EC-6154,19,
2024-07-26,45,,8,428.73
2024-06-05_err,55,iu-6740,17,258.86
2025-01-07,74,UN-8223,23,75.23
2024-09-11,46,pv-9758,,313.96
2024-06-08,14,NB-4620,23,429.06_err
2024-05-19,79,RV-6160,33,232.44
2024-12-09,69,bU-5278,42,48.04
2025-01-16,11,Fj-6094,8,314.84
2025-03-06,7,DO-3735,24,74.33
2025-02-02,88,,,421.42
2024-11-05,5,rN-6353_err,2,79.58
2024-05-15,40,,43,494.01
2025-01-01,,Wd-1782,49,
2024-08-17,25,RT-4870,,113.59
2024-07-09,3,vi-9797,2,431.57
2024-12-18,58,Ly-7428,46,193.64
2024-04-12_err,17,,6_err,485.49
2024-05-16,33,Eg-9697,19,45.6
2025-01-27,85,Qb-2573,21,394.25
2024-10-15,55_err,PJ-1877,37,86.07
2024-12-05,12,zY-6570,43,52.38
2024-12-25,64,uW-3939,,239.89
2024-04-25,76,MX-8403,41,423.08
2024-12-19,69,nh-6743,49,120.61
2024-06-01,74,zy-9019,26,393.24_err
2024-08-10_err,55,Sx-0308,6,328.57
2025-02-28,84,jS-6989,33,180.27
2024-11-08,16,wk-1500,21,364.2
2024-05-19,,DS-3601,49,320.73
2024-04-23,34,nR-8782,3,292.73
2025-02-11,64,cI-9349,40,455.1
2024-07-17,66,Pf-0703,10,472.78
2024-08-22,25,,25,74.27
2024-06-18,33,Ow-8505,,13.96
2024-06-15,32,bg-3160,6,52.05
2025-01-29,38,EM-2432,10,384.3
,35,lX-7273,36,322.47
2024-07-12,73,Kd-3016,27,211.54
2024-04-01,39,rf-9713,43,359.17
2025-01-19,37,Ew-1569,25,117.4
2024-11-20,31,aF-5769,,402.66
2024-05-16,11,oY-4170,35,48.2
2025-03-12,1,Vl-9147,13,336.54
2024-11-14,53,ZJ-1803,32,240.39
2025-02-16,4,,15,423.13
2024-10-09,9,eZ-1820,11_err,459.02
2025-01-19,56,HA-6763,10,327.76
2024-08-14,32,Ud-8855,,317.01
2024-10-04,17,lS-3502,28,16.33
2024-05-11,2,,35,232.78
2024-12-12,17,xc-0297,15,265.91
2025-02-04,12,XK-1555,40,396.48
2024-04-15,18,OA-4694,27,214.82
2024-06-03_err,90,ba-1244,10,
2024-08-24,6,Bn-1362,19,491.7
2024-12-26,52,aV-4745,25,81.65
2024-05-14,21,ak-0629,1,
2025-02-12_err,,,28,
2024-07-20,2,ag-1327,20,307.02
2024-05-02,48,oB-1850,,368.08
2025-03-11,10,mg-4307,6,247.42
2025-03-24,6,yG-8595,20,319.72
2024-05-20,51,DR-1731,25,308.07_err
2024-07-24,37_err,Sk-0294,17,125.98
2025-03-04,74,sv-1425,32,494.43
2025-02-17,94,iG-3874,13_err,255.02
2024-10-09,90,OO-6433,41,
2025-01-09,73,qJ-3573,13,495.21_err
2025-01-02,65,sg-1618,38_err,406.22
2024-06-20,45,co-8925,25_err,85.4
2024-11-20,64,OR-6352,6,394.95
2025-01-25,23,Bs-1301,33,302.3
2024-05-20,,QZ-8333,25,431.77
2024-10-10,68,Id-2107,,106.43
2024-05-08,32,YO-1195,24,421.04
2024-12-22,48,Ng-1768_err,21,87.38
2024-08-30,26,lW-8172,21,328.95
2024-10-28,54,vX-1850,40,
2024-05-28,29,Gb-7259,13,311.07
2024-09-13,13,Ys-6693,13,69.53
,31,yl-1986,36,
2025-03-04,13,jF-4841,,233.48
2024-10-03,86,nx-7029,48,399.11
2024-07-03,11,RK-9153,7,56.55
2024-07-20,27,sd-8166,27,134.5
2025-02-24,67_err,,31,378.41
2024-08-26,71,xt-1317,22,491.59
2024-04-10,96,tp-0939,8_err,323.01
2025-03-06,,aY-8678,26,147.37
2025-01-02,,iO-6225,12,368.74
2024-06-08,,gd-2803,43,141.19
2024-09-19,75,Zw-3816,33,411.77
,94,cf-3555,15,394.31
2024-12-17,87_err,Iu-9917,7,64.15
2024-09-01,14,Xx-0482,38,48.26
2024-10-27,61,ay-2563,25,487.38
2024-12-24,6,Jy-0492,33,101.68
2024-04-05,75,BV-0886,6,312.3
2025-01-16,88,Zo-7177,12,466.6
2024-12-28,46_err,FD-0572,19,71.63
2024-04-24,48,sT-9685,6,422.75
2024-06-22,71,,6,252.3
2025-02-26,,XN-7727,33_err,213.54
2025-02-28,88,Ed-5701,21,134.32
2024-06-21,1,jS-8072,7,210.37
2024-11-19,95,Gw-7033,44_err,174.92
2025-01-29,73,AU-8452,32,378.14
2025-02-20,32,wW-3750,42,50.02
2025-03-06,15,aS-6366,,481.92
2024-10-18,31,qQ-3544,7,291.76
2025-03-31,52,rK-6229,30,379.28
,4,oF-4167,,
2024-04-04,68,jT-5155,4_err,
2024-05-16,8,,15,110.98
2024-05-07,29,UX-0077_err,50,268.29
2025-01-31,59,Dc-1256,41,490.09
2024-05-26,79,DO-7879,44_err,17.36
2024-11-03,11,YM-7514,41,211.81
2024-05-15,26,In-7221,4,390.69
2024-06-19,50,sb-0331,1,
,98,aY-9137,43,300.83
2025-01-05,56,Zj-9481,11,242.33
,7,Gf-3930,23,37.54
2024-11-06,38,Tz-7099,40,161.44
2024-05-27,45,,15,134.92
,,lN-8762,1_err,396.3
2024-12-20,68,Ck-2463,4,300.69
2024-07-19,43,qd-9227,30,11.34
2025-03-13,73,Ck-2367,,306.26
2024-12-19,47,Rn-6651,50,127.7
2024-08-13,48,Zr-7994,39,168.17
2024-12-08,16,ED-0658,46,281.85
,94,,9,10.28
2025-01-03,95_err,nt-1528,4,
2025-01-26,44,Kb-3305,44,117.34
2024-06-29,12,Im-0589,36,60.53
2024-11-03_err,94,OY-9895,,391.68
2025-01-29,80,hI-7179,28,41.87
2024-07-31,37,Fc-6808,31,29.97
2024-11-08,29,lL-8188,27,46.87
2025-01-28,83,td-5268,17,33.51
2024-08-24,49,Ae-3830,34,364.36
2024-09-08,17,vO-9663,22,78.61
2024-07-24,94,yh-6961,15,381.83
2025-01-15,,ML-8186,33,25.24
2024-10-08,59,Ui-0024,43,111.74
2024-12-11,,tk-9401,16,
2025-01-12,6,re-4071,35,65.28
2024-11-10,91,Pg-6067,33,288.24
2024-09-19,78,rO-6116,42,490.6
2024-12-12,12,zg-2706,20,
2024-10-21,26,ga-9280,20,138.2
2024-10-10,97,iQ-4943,19,470.24
2025-01-23,6,fQ-9150,8,149.71
2025-02-16,8,Lr-4941,5,295.34
2024-08-02,82,Oe-8768,29,402.01
2025-02-05,100_err,wl-1417,27,493.08
2024-06-12,20,xP-0638,13,
2024-09-14,75,Qk-0338,12,311.86
,44,ut-4356,36,303.25
2024-07-26,49,Jq-7245_err,7,408.66
2025-02-03,82,xR-6649,10,64.46
2024-09-19,,KT-9881,2,342.51
2025-02-17,34,EM-3075,,229.74
2024-12-26,22,rf-4093,38,269.04
2024-05-05,56,Cc-3690,18,456.63
2024-04-03,,OH-2966,29,101.9
2025-01-07,9,OC-1794,2,373.09
2024-11-21,8,qL-7135,37,30.17
2025-03-24,,ns-2048,28_err,208.79
2025-01-07,86,hC-6551,11,89.54
2024-11-27_err,20,wf-8761,26,455.55
2024-06-15,61,dq-7894,38,481.14
2024-09-22,57,hb-4256,45,345.56
2024-04-12,67,mW-2259,29,185.37
2024-09-08,63,yG-7112,18,39.52_err
2024-09-05,73,NI-7856,18,351.97
2024-08-18,21,Xt-1945,29,158.77
2025-01-01,,xU-2419,6,133.15
2025-03-23,34,BK-4603,43,264.34
2024-04-27,54,xD-6082,32,157.1
2024-08-16,,za-7879,7,38.83
2024-07-25,72,ze-9709,49,468.64
2024-12-17,85,Zm-9752,23,16.33
2024-08-25,74,KL-7704,21,348.64
2024-09-09,10,Ee-0284,3,410.49
2024-11-15,2,Qf-0203,4,470.73
2024-05-24,32,dz-0459,5,393.81
2024-10-29,24,iW-4237,,
2025-01-20,53,GO-6455,25,181.87
2024-10-29,6,pG-8368,50,261.11
2024-07-16,26,Er-4661,29,293.18
2025-03-29,86,,7,498.4
2024-12-19,91,Oa-4242,48,84.21
2024-06-26,71,,36,232.23
2024-04-01,42,bs-9497,9,455.98
2024-08-26,88,oY-7797,48,126.03
,92,NV-0814,,326.33
2024-12-13,3,,39,110.87
2024-04-07,21,qr-6287,44,249.17
2024-09-21,34,Qc-1759,8,225.51
2024-12-05,82,xa-5496,48,38.36
,48,oq-9269,13,409.67
2024-06-05,42,vl-1107,26,389.86
2025-01-19,58,,9,296.99
2024-06-27,67,Kz-9855,22,272.17
2024-04-11,29,fM-8609,13,218.95
2024-07-02,17,ud-1817,8,36.75
2024-06-17,28,zB-5821,20_err,50.12
2025-03-31,42,ed-9979,45,15.18
2025-01-19,45,hy-5085,21,404.55
2024-08-15,26,oZ-0346_err,15,
2024-11-12,51,Uq-2675,26,22.1
2024-10-06,77,UF-2475,12,289.24
2025-02-07,60,aZ-1814,48,115.93
2024-08-15,43,Ma-6895,31,9.1
2025-03-02,7,,,25.42
2024-10-21,14,XB-7435,19,346.55
2024-09-02,50,Hy-1643,31,10.26
2025-02-13,29_err,Xu-1148,11,297.55
2025-02-12,29,PX-4037,36,194.17
2024-06-27,26,BW-7976,17,496.44
2024-10-12,91,Ax-4154,12,350.88
2024-04-27,77,Mb-5238,26,138.69
,49,bN-1405,27,442.67
2024-09-05,,FV-5512,35,89.33
2024-12-27,31,cI-0644,4,360.04
2024-12-28,9,nD-8055,24,216.04_err
,8,wy-8091_err,12,403.4
2024-11-22,25_err,pt-8149,38,346.9
2025-02-27,76,pY-1650,12,380.88
2025-02-23,59,VP-2390,10,231.42
2024-09-20,46,ga-4001,4,386.2
2024-09-08,100,,23,8.13
2024-11-07,57,Uz-1070,11,327.56
2024-08-13,92,hj-1247,49,324.7
2024-10-25,15,,33,428.38
2025-03-16,64,Bk-1757,41,134.29
2024-12-27,41,VG-0412,,421.42
2024-05-29,14,XQ-4513,41,46.32
2024-09-13,97,JV-3338,27,339.09
2024-05-03,24,kk-3906,44,80.9_err
2024-09-27,69,aY-0587,1,189.32
2025-01-15,13,xN-6249,,120.93
2024-10-29,68,ft-2056,35,7.45
2024-09-09,54,Xv-1497,32,249.49
2024-04-20,34,iW-2317,7,275.51
2024-07-10,92,xO-5617,29,142.09
2024-10-27,41,Zu-3173,42_err,491.43
,64,QL-9214,37,59.75
2025-01-16,53,nF-0477,32,342.03
2024-12-19,70,gI-4685,19_err,62.36
2025-02-01_err,21,yI-7892,2,177.07
,72,xw-1261,30,258.75
2024-05-26,94,ka-7037,2,354.28
2024-07-18,4,iJ-3514,,50.54
2024-11-07,20,lF-9896,34,409.45
2025-03-07,86,UG-3018,46,5.96
2024-09-23,1,fg-7486,45,120.19
2025-01-15,55,vj-8139,24,444.49
,39,ln-1070,19,417.83
2024-08-29,20,yw-9660,36_err,365.6
2024-07-21,31,YH-9144,48,123.47
2025-01-28,16,Pc-8031,2,121.29
2024-11-30,,Rf-0294,21,16.66
2025-02-13,78,uL-4548,23,
2024-05-31,64,eU-4501,24,219.08
2025-01-07,46,NT-1089,24,400.22
2024-10-29,79,Nf-5417,49,45.06
2024-08-19,96,QP-9673,35,426.02_err
2024-06-12,,pe-4501,5,357.18
2024-06-11,,pI-7691,6,209.24
2025-01-13,45,,3,473.45
2025-03-27,24,nU-8385_err,2,186.83
2024-08-19,71,yd-4245_err,14,24.15
2025-02-20,94,il-7774,20,418.81
2024-06-20,24,jm-8014,10,286.64
2024-05-20,88,VS-9156,46,241.06
2024-05-04,13,,47,425.59
,28,Lw-1542,25,101.48
2024-08-14,44,QE-7324,48,106.68
2024-06-16,72_err,yH-6228,50,274.78
2024-11-10,96,pL-7791,,152.05
2024-10-25,75,gm-1278,11,213.32
2024-05-29,44,mo-0283,45,380.73
2024-04-18,39,Vj-9546,12,159.09
2025-01-14,65,,12,415.78
2025-03-01,55,NN-4969,33,367.62
2025-03-26,74,mW-4903,11,30.33
2024-06-30,43,im-0180,,106.05
2024-11-19,1,AE-1253,49,288.37
2025-02-08,27,Wf-2347,23,383.53
2024-09-06,61,oq-1841,,
2024-12-29,34,JH-2883,,416.68
2024-10-13,76,Ao-9370,35,387.61
2024-05-16,81,yl-0718_err,,62.59
2024-06-07,68,sC-3289,10_err,289.63
2025-02-10,70,hR-5872,5,342.93
2024-08-05,13,aN-2921,6,173.15
2025-02-14,81,tZ-7629,4,193.49
2024-04-25,36,le-3456,1,56.08
2024-10-28,45,Ux-6176,22,105.88
2025-01-06,7,vV-7940,11,330.62
2025-03-04,55,,22,102.25
2024-11-27,80,ek-9981,27,273.05
2025-02-11,25,Pm-5384,16,131.13
,80,HL-5178,38,16.85
2025-01-15_err,15,KT-0369,29,424.88
2024-10-21,50,ux-3358,7,134.42
2024-10-04,46,AR-8217_err,24,347.14
2024-10-04,32,JU-5155,28_err,183.58
2025-01-24,37_err,jn-3835,11,251.92
2024-11-28,53_err,EW-9463,29,341.11
2025-02-14_err,,Jt-8124,13,44.29
2025-01-11,82,dA-4064,,409.55
2025-02-16,86,jz-2857,8,430.06
2024-12-21,32,hs-8499,48,483.25
2024-06-24,41,iz-2842,41,130.05
2024-09-22,58,Sb-5649,49,41.65
2024-12-27,80,na-9208,47,320.55
2024-12-18,89,yk-4723,,230.97
2024-11-25,68,cN-0355,30,470.88
2025-03-26,9,JI-2060,7,494.49
2024-10-06,26,pI-9620,37,92.46
2025-02-17,57,mh-8383,28,136.51
2025-02-07,8,Nr-0505,28,206.51
2024-12-26,92,oa-1682,29,465.84
2024-12-19,16,Lf-8284,14,44.29
2024-04-09,57,WC-0335,6,270.97
2025-03-14,62,cY-6644_err,,
2024-10-19,78,,2,332.93
2024-12-01,19,As-5607,38,421.99
2024-12-04,24,VD-2814,3,471.99
2024-12-21,78,eg-6259,2,
2024-11-03,78,PL-6985,,478.34
2024-10-17,92,Nt-6535,29,239.1
2024-10-24,18,lT-5732,36,101.11_err
2024-07-18,66,Kq-5231_err,19,149.78
2024-06-28,33,CI-2627,1,110.16
2024-04-15,17,dy-5988_err,22,326.67
2024-07-23,78,CZ-4746,48,270.27
2024-11-10,78,SE-7498,6,
2024-11-20,24,,2,307.45
2024-05-17_err,72,Ms-2281,14,471.33
2025-01-13,41,TS-9495,17,395.22
2024-07-15,43,Dj-7634,1,
2024-08-02,12,bk-5489,,272.08
2025-01-11,33,,16,232.29
2025-03-27,82,Li-9416,46,187.62
2025-01-04,13,ze-4226,42,245.94
2024-08-09,21,yM-2037,29,96.01
2024-04-23,47,IT-2942,37,379.9
2024-11-22,34,,21,429.13
2025-02-15,91,eQ-7723,23,289.6
2024-06-15,69,Rp-4619,,497.7
2025-01-08,79,ho-6889,,109.73
2024-07-07,56,bG-9794,12,403.66
2024-04-13,52,cZ-4217,26,261.28
2024-09-06,,Uc-2100,30,482.5
2024-08-30,5,VD-6227,40,215.23_err
2024-10-03,44,zz-0308,48,126.08
2024-07-24,8,nT-6381,3,
2024-08-17,60,,,490.17
,,Ur-6639,38,471.89
2025-03-05,38,lf-4266,38,296.99
2024-04-16,6,Mh-4340,23,214.26
2024-09-11,7,nv-5476,11,385.42
2025-01-27,90,Ez-3581,6,358.97_err
2024-04-28,77,nf-7392,38,142.67
2024-11-06,56,XR-9585,10,495.19
2025-01-14,85,tu-7681,18,422.33
2024-12-23,95,sm-8971,6,271.76_err
2024-05-28,73,rm-7035,27,
2025-01-13,38,Ci-9837,33,6.29
2024-10-12_err,38,jW-4576,24,29.32
2024-08-02,48,nO-4496,49,75.01
,98,JI-9884,,474.35
2024-06-28,69,uj-3180,2,496.65
2025-01-30,97,ZN-5812,41,316.73
2024-07-15,96,Zn-5024,33,146.02
2024-04-10,8,Gk-5797_err,,111.28
2024-05-10,35,Vj-8467,1,430.26
2025-03-16,84,ax-0236,44,472.97
2024-09-08,96,pO-5701,40,365.28
2025-01-29,81,BP-2917,,388.44
2024-10-29,79,Zg-5529,7,327.85
2025-03-14,68,wT-1195,1,186.99
2025-01-20,24,Sy-1469,46,306.58
2024-05-07,74,yj-7784,37,459.93
2024-09-25,69,hl-4614,48,326.33
2024-10-03,76,Qi-0205,4,390.57
2025-02-15,45,GT-9126,19,228.46
2025-02-04,65,Od-5335,38,156.92
2024-11-13,37,Nb-7470,36,236.62
2024-07-22,14,BV-1345,36,250.89
2024-04-13,26,mQ-8193,,
2024-04-16,18,vE-3408,41,190.0
2024-10-31,15,VY-6117,9,26.19
2024-09-02,67,Hc-6915,19,97.22
,,cT-9099,,264.94
,10,ZS-2419,42,326.07
2024-04-20,5,Uk-7632,16,482.09
2024-04-06,20,,34,284.85
2025-02-08,66,qE-3146,47,309.01
2025-01-20,84,lQ-1748,24,434.92
2024-11-07,69,oK-2464,33,41.7
,30,XU-8632,32,439.72
2024-04-10,24,GE-3508,10,47.65
2024-05-23,37,Ep-6772,33,180.77
2024-07-05,28,NZ-1972,19,62.62
2025-01-01,58,Bq-4483,44,29.68
2024-07-04,95,sJ-0481,23,402.32
2024-04-16,17,JI-0532,49,161.83
,67_err,TW-1611,,111.58
2024-11-27,77,Eo-2382,21,191.01
2024-11-02,92,BA-5224,16,353.95
2025-01-08,42,bn-3519,,
2024-08-21,44,Ce-7499,41,142.71
2024-07-28,51,Dy-4403,45,314.23
2024-08-15,2,fc-5031,35,170.53
2025-03-04,36,np-0974_err,,101.56
2024-12-11,12_err,Af-3042,48_err,214.18
2025-03-04,41,JA-3620,9,171.27
2025-02-07,1,Us-3594,22,462.33
2024-11-01,6,NJ-1970,50,485.13
2025-01-14_err,10_err,fU-3956,24,321.59
2024-06-17,47,Tn-5310,40,273.32
2024-07-13,15,Sn-4527,31,122.23
2024-07-20,61,UF-5231,42,333.67
2024-09-30,27,Tf-5530,13,332.27
2025-01-05,83,hG-8271,22,268.81
2024-06-30,27,hs-5982,5,464.57
2024-12-04,60,Gk-5538,35,34.35
2024-12-20,95,Cd-8973,17_err,474.35
2024-07-26,24,,19,
2024-04-04,26,ap-7452,18,378.34
2025-03-26,74,Qv-6144,22,242.09
2025-03-21,3,Gy-4837,24_err,394.08
2024-04-10,76,UC-9943,41,322.62_err
2024-07-01_err,93,Mf-9570,8,251.15
2024-09-09,93,IJ-9619,26,104.44
2024-09-04,68_err,Wd-7729,33,149.77
2024-04-18,97,XA-1379,19,309.6
,88,sd-1712,46,162.85
2024-11-20,,Ym-8819,,38.86
2024-07-23,57,WV-1573,15,391.53
2025-01-30,61,tt-0128,48,31.07
2024-08-18,18,To-2306,1,206.34
,95,tL-0292,16,146.13
2024-12-22,5,Jz-6375,3,360.41
2024-06-28,75,vE-4946,15,403.08
2024-05-25,25,XO-5870,42,337.31
,91,,4,471.14
2025-01-27,97,uh-1834,,330.6
2025-02-03,11,kO-0865,2,
2024-09-06,79,qd-1792,30,492.34
2024-07-02,42,Bm-7141,27,120.84
2025-02-19,,NY-0693,43,284.58
2024-11-06,,fw-9990,19,405.2
2024-11-14,54,Cg-3539,33,351.97
2025-01-22,88,mt-8454,27,123.69
,11,HZ-9582_err,12,111.34
2024-10-26,23,TT-6934,37,106.66
2025-03-02,62,Hn-5937,38,478.44
2024-12-17,,Ir-5830,38,405.4
2024-07-10,42,,15,155.65
2024-06-26,36,AF-5352,40,93.43
2024-06-02,90,tB-1349,29,360.47
2025-03-22,41,Du-4361,5,262.18
2025-03-13,82,sQ-4898,13,282.64
2025-01-22,39,Nh-2130,14,99.35
,81,Nh-0793,31,345.59
2025-03-13,24,TI-9962,17,63.1
2025-01-01,5,ry-4109,22,426.27
2024-06-01,46,sn-5543,,56.69
2025-01-16,,rb-3396_err,11,220.77
,76,lK-4000,19,287.33
2024-11-10,95,oh-2168,5,56.99
,81,ob-8099,13,400.85
,32,we-5324,30,466.51
2024-08-03,26,Ln-5734,25,155.79
2024-11-05,28,bb-9236,,235.82
2025-02-04,11,nl-1241,9,380.83
2024-12-05_err,44,OE-7608,46,289.03
2024-12-17,52,BJ-0430,1,436.71
2025-02-14,38,,29,164.53
2024-08-19,92,BC-3443,12_err,384.59
2024-08-04,94,Jx-1008,2,135.36
2025-03-02,67,Si-4179,25,
2025-02-28,98,Bh-6352,33,418.37
2024-03-31,74,iX-7061,23,146.11
2024-10-15,66,TO-1042_err,6,448.68
2025-02-14,85,WM-8405,2,
2024-10-18,,Qf-6128,37,260.75
2024-09-28,15,XT-4180,33,470.73
2024-10-05,3,ID-9103,29,70.79
2025-01-28,18,rK-3098,5,70.04
,94,BM-8231,44,423.8
2025-02-24,69,cq-9838,2,
2024-12-10,59,nB-9432,40,419.65
,8,rc-3123,19,333.51
2024-04-03,59,,12,454.03
2024-07-02,76,,16,81.47
2024-04-14,95,tP-7834,23,215.43
2024-09-16,65,,17,197.97
2024-10-09,35,vB-9204_err,16,86.04
,10,jn-2191,43,428.0
2024-11-24,64,,39,384.95
2024-07-05,38,pB-6840,41,405.27
2024-09-07,19,oc-6510,34,274.36
2024-09-12,8,Bf-2814,22,312.7
2025-03-30,43,zZ-3634,43,203.68
2024-08-11,46,DC-3952,48,128.64
2024-08-13,44,xA-4060_err,34,381.4
2024-05-14,26,Vd-8514,13_err,208.26
2024-04-05,39,pr-8643,35,85.61
2024-12-12,58,MQ-6623,,61.31
2025-01-11,99,Dx-8014,,62.49
2024-06-02,27,wq-9367,35,134.57
2024-11-07,13,vX-8263_err,2,398.04
2025-03-11,42,uc-7890,39,161.03
2024-12-07,33,Hg-9928,24,62.01
2024-05-27,60,nj-2884,46,273.99
2024-08-21,33,XE-3392,29,169.5
2024-08-10,97,IF-0505,48,180.42
2024-07-25,40,JG-0145,25,490.69
2024-04-01_err,12,dd-2651,39,117.52
2024-04-07,,yM-1075,46,50.41
2025-02-28,65_err,nr-6850,40,51.36
2025-02-06,88,IL-9514,49,12.15
2024-08-28,16,sH-5573,28,
2024-07-28,33,rr-3786,49,292.26
2024-10-14,30,mG-4564,15,72.84
2024-10-05,58,uQ-9897,45,366.5
2025-01-31,92,RS-5789,6,170.85
2025-01-13,33,lr-2325,28,68.8
2024-12-02,85,Qw-9743,23,6.16
2024-10-29,2,WZ-5581,21,289.26
2025-03-11,36,UK-0468,36,284.61
2024-08-16,39,Uq-6017,16,133.45_err
2024-08-14,50,vz-0849,40,470.38
2025-03-21,91,,36,122.75
2024-07-13,25,nY-5038,9,362.08
2024-07-29,30,FY-6249,8,58.95
2024-05-27,2,rj-0208,8,245.15
2024-12-10,31,rs-2619,33,375.08
2024-05-09,10,Ox-8794,30,321.58
2024-07-18,55,gK-3865,50,112.47_err
2024-10-27,63,yI-7507,35,237.22
2024-09-17,2,jK-0222,34,161.61
2024-09-29,2,Dw-6912,14,187.61
2025-01-11,20,pf-9993,41_err,208.78
2024-06-28,83,vL-2855,35,460.75
2024-05-26,90,EQ-2624,45,207.31
2024-04-12,84,HX-9430,9,423.75
2024-11-28,49,Fp-2373,29,14.64
2024-10-29_err,36,GD-7663,1,246.92
2024-10-05,70,es-0655,13,183.41
2024-08-22,13,gA-5582,5,352.17
2024-11-05,83,yu-3590,46,
2024-11-17,46,OB-1274,23,432.4
2024-07-01,,CY-0589,38,359.41
2024-09-01,90,Oa-0768,,120.39
2024-12-04,16,xo-8360,27,192.57
2024-11-06,83,FQ-5495,39,80.96
2024-07-20,34,Xj-8246,31,352.38
2024-07-04,20,Zz-0792,49,87.62
2025-02-18,55,lv-7576,25,
2025-02-28,29,,13,163.69
,66,mf-7283,1,499.65
2025-02-04,57,,29,110.27
2025-02-07,31,uF-0684,19,272.14
2024-11-22,2,iC-0241,10,409.37
2025-02-15,30,NK-2747,25,
2025-02-21,1,In-6303,30,123.6
2024-07-18,81,Mb-2139,49,414.56
2024-10-22,5,FN-2419,7,198.79
2024-11-06,,MQ-2937,36,19.26
2024-08-21,23,,31,206.68
2025-03-17,80,VR-7212,46,126.47
2024-10-27,9,Ib-3401,25,26.37
2024-05-28,29,oS-2247,42,270.94
2025-03-20_err,12,NG-8041,22,15.95
2024-09-11,9,SQ-8245,27,146.43
2025-03-15,62,,27,21.91
2024-07-06,,sV-9883,29,307.65
2024-06-17,75,,29,362.13
2024-10-01,60,mz-8328,36,175.4
